epoch,time,train/box_loss,train/cls_loss,train/dfl_loss,metrics/precision(B),metrics/recall(B),metrics/mAP50(B),metrics/mAP50-95(B),val/box_loss,val/cls_loss,val/dfl_loss,lr/pg0,lr/pg1,lr/pg2
1,30.698,2.22363,3.56935,2.26085,0.00115,0.06587,0.00015,3e-05,4.32965,4.36356,4.43202,0.0003,0.0003,0.0003
2,41.574,2.1246,3.28537,2.1977,0.0013,0.06532,0.0019,0.00021,3.94978,4.32436,4.56595,0.000600373,0.000600373,0.000600373
3,52.6279,2.2097,2.96306,2.31488,0.00153,0.08399,0.00037,0.0001,4.16123,4.45747,4.88841,0.00088837,0.00088837,0.00088837
4,62.2146,2.12982,2.7647,2.25121,0.33689,0.01075,0.00035,6e-05,4.32399,5.92866,5.12395,0.00116399,0.00116399,0.00116399
5,73.4561,2.12019,2.75845,2.24804,0.34231,0.03051,0.00111,0.00019,4.03741,7.3577,4.60992,0.001151,0.001151,0.001151
6,84.8897,2.07416,2.77323,2.25231,0.34996,0.0045,0.00038,0.00022,3.97056,7.98422,4.19908,0.00112625,0.00112625,0.00112625
7,94.2411,2.05077,2.66047,2.20558,0.00251,0.0045,0.00034,5e-05,4.07669,6.55748,4.34343,0.0011015,0.0011015,0.0011015
8,105.473,2.05483,2.72734,2.21879,0.0005,0.02877,8e-05,1e-05,4.1436,7.14225,4.45613,0.00107675,0.00107675,0.00107675
9,116.702,1.99876,2.53802,2.15593,0.00638,0.1055,0.00378,0.00087,3.90681,5.00893,4.12587,0.001052,0.001052,0.001052
10,126.745,1.99425,2.54216,2.14194,0.00506,0.11385,0.00403,0.00063,4.00111,5.9229,4.31652,0.00102725,0.00102725,0.00102725
11,137.24,1.93363,2.53315,2.12977,0.34121,0.01075,0.00166,0.00018,4.02114,6.03607,4.1899,0.0010025,0.0010025,0.0010025
12,148.586,1.99311,2.50801,2.14188,0.00531,0.11266,0.00735,0.00136,3.9518,4.8354,4.18132,0.00097775,0.00097775,0.00097775
13,158.705,1.87463,2.42812,2.09023,0.00479,0.1334,0.00198,0.00028,3.98636,5.41939,4.1775,0.000953,0.000953,0.000953
14,168.784,1.92078,2.42339,2.11951,0.00349,0.11836,0.00598,0.00069,4.04272,5.17049,4.17842,0.00092825,0.00092825,0.00092825
15,180.739,1.90847,2.40253,2.09266,0.00425,0.15712,0.00401,0.00056,3.93209,4.754,4.08889,0.0009035,0.0009035,0.0009035
16,191.028,1.88822,2.34319,2.08801,0.00471,0.11596,0.00165,0.00049,3.9862,5.42661,4.15472,0.00087875,0.00087875,0.00087875
17,200.866,1.87863,2.39776,2.07827,0.0045,0.12054,0.00236,0.00042,3.88962,4.96247,3.93856,0.000854,0.000854,0.000854
18,212.542,1.90113,2.41633,2.08338,0.00635,0.18194,0.00205,0.00034,3.87304,4.93809,3.88633,0.00082925,0.00082925,0.00082925
19,223.049,1.89822,2.77389,2.06757,0.00366,0.11219,0.00119,0.00018,4.10624,5.6861,4.13278,0.0008045,0.0008045,0.0008045
20,232.812,1.86434,2.35657,2.05798,0.007,0.16491,0.00489,0.00079,3.7375,5.05214,3.86329,0.00077975,0.00077975,0.00077975
21,244.231,1.86904,2.40949,2.0576,0.00847,0.06652,0.00215,0.00043,3.9716,4.91523,4.22209,0.000755,0.000755,0.000755
22,255.531,1.83603,2.32439,2.03732,0.00563,0.14481,0.00192,0.00046,3.88129,4.91689,4.03935,0.00073025,0.00073025,0.00073025
23,264.92,1.80947,2.29464,2.01095,0.00583,0.17082,0.00192,0.00044,3.91236,4.81818,4.17238,0.0007055,0.0007055,0.0007055
24,275.879,1.83199,2.29987,2.0125,0.00616,0.17761,0.00667,0.00107,3.87904,4.71034,3.94629,0.00068075,0.00068075,0.00068075
25,287.112,1.82563,2.27152,2.01104,0.00652,0.20047,0.01524,0.00211,3.93296,4.73954,3.99697,0.000656,0.000656,0.000656
26,297.592,1.82179,2.24443,2.02664,0.00772,0.23054,0.00309,0.00057,3.8519,4.44965,3.90117,0.00063125,0.00063125,0.00063125
27,308.061,1.78774,2.24896,1.99816,0.00649,0.12911,0.00139,0.0002,3.97036,5.38765,4.1791,0.0006065,0.0006065,0.0006065
28,319.578,1.80322,2.20789,2.00766,0.00527,0.15041,0.00376,0.00054,4.03161,5.03091,4.12393,0.00058175,0.00058175,0.00058175
29,329.814,1.8315,2.35989,2.00847,0.00604,0.13965,0.0033,0.00055,3.96343,5.06496,3.93176,0.000557,0.000557,0.000557
30,340.116,1.78157,2.22091,1.99481,0.00649,0.1617,0.00482,0.00073,4.00471,4.64687,4.13775,0.00053225,0.00053225,0.00053225
31,352.195,1.7753,2.21449,1.97716,0.00588,0.19894,0.00215,0.00037,3.89287,4.58597,4.00214,0.0005075,0.0005075,0.0005075
32,363.53,1.77721,2.17683,1.98915,0.00599,0.22822,0.00413,0.00081,3.90029,4.43199,3.95078,0.00048275,0.00048275,0.00048275
33,372.919,1.76419,2.26683,1.99331,0.00558,0.19553,0.00425,0.00096,3.85936,4.71963,3.92879,0.000458,0.000458,0.000458
34,384.365,1.80596,2.35085,1.98436,0.00413,0.15447,0.00324,0.00043,3.98933,4.55573,4.03138,0.00043325,0.00043325,0.00043325
35,395.599,1.73174,2.18625,1.96207,0.00559,0.19287,0.00454,0.0007,3.88944,4.76839,4.01729,0.0004085,0.0004085,0.0004085
36,405.589,1.75437,2.17192,1.97925,0.00595,0.21935,0.00389,0.00086,3.77919,4.21486,3.80075,0.00038375,0.00038375,0.00038375
37,416.262,1.80479,2.33202,2.0065,0.00579,0.19672,0.00445,0.00074,3.77079,4.20974,3.86366,0.000359,0.000359,0.000359
38,427.75,1.7465,2.16016,1.9416,0.00641,0.21529,0.00567,0.00088,3.83188,4.60199,3.89609,0.00033425,0.00033425,0.00033425
39,437.278,1.71433,2.11534,1.91849,0.00754,0.21198,0.00493,0.00076,3.86815,4.56592,3.90572,0.0003095,0.0003095,0.0003095
40,449.051,1.70003,2.12218,1.92677,0.00624,0.22328,0.00341,0.00073,3.89828,4.80323,3.97822,0.00028475,0.00028475,0.00028475
41,462.762,1.7737,2.30532,2.0269,0.00529,0.23625,0.00305,0.00057,3.81966,4.47505,3.98444,0.00026,0.00026,0.00026
42,474.144,1.81326,2.3239,2.05449,0.00684,0.20388,0.00366,0.00063,3.90373,4.47415,4.0988,0.00023525,0.00023525,0.00023525
43,483.089,1.67042,2.1992,1.95024,0.00725,0.23375,0.00418,0.00072,3.93068,4.62789,4.09793,0.0002105,0.0002105,0.0002105
44,494.173,1.63496,2.12555,1.93899,0.00671,0.21464,0.00285,0.00053,3.86081,4.55486,4.09487,0.00018575,0.00018575,0.00018575
45,504.258,1.58217,2.37447,1.84444,0.00781,0.22648,0.00373,0.00068,3.87625,4.54437,4.05353,0.000161,0.000161,0.000161
46,514.192,1.6868,2.15328,1.94702,0.00678,0.23375,0.00411,0.00079,3.83781,4.22683,4.08106,0.00013625,0.00013625,0.00013625
47,524.36,1.62426,2.05893,1.9191,0.00607,0.20904,0.00362,0.00081,3.84293,4.45316,4.0615,0.0001115,0.0001115,0.0001115
48,533.576,1.62019,2.02169,1.91364,0.00576,0.2073,0.00304,0.00068,3.88473,4.43729,4.11383,8.675e-05,8.675e-05,8.675e-05
49,543.846,1.53916,2.44213,1.8252,0.00659,0.20948,0.00366,0.0007,3.89212,4.2975,4.111,6.2e-05,6.2e-05,6.2e-05
50,554.153,1.62101,2.00303,1.91529,0.00737,0.25009,0.00444,0.00079,3.83816,4.34712,4.10284,3.725e-05,3.725e-05,3.725e-05
